{
    "flog": [
        54.6568700140769,
        72.68083055355497,
        88.1203941761197,
        96.0639504067123,
        99.96378713864135,
        104.15919635902583,
        107.6717576848151,
        109.31877935277807,
        109.64317096640497
    ],
    "fsqr_log": [
        2987.373439735699,
        5282.50312995457,
        7765.203869754711,
        9228.28256774328,
        9992.758739099598,
        10849.1381861581,
        11593.20740293754,
        11950.595519181375,
        12021.62493956831
    ],
    "gaplog": [
        1.1435883592106117,
        0.6840234831194701,
        0.4213946775802758,
        0.3130631296691011,
        0.1978781617603862,
        0.1129073780204612,
        0.03685922432867773,
        0.009885688770914317,
        0.004974516378979372
    ],
    "t": 191,
    "cut": [
        [
            11234.0
        ]
    ],
    "time": 1.234547178
}
