{
    "flog": [
        55.04914703854177,
        72.5323242232329,
        87.8033445718586,
        96.29850388661472,
        99.9924894030903,
        104.29209127375235,
        107.75382830747236,
        109.31913605734161,
        109.60992624184139
    ],
    "fsqr_log": [
        3030.408589670992,
        5260.938057224179,
        7709.427318004531,
        9273.401850800352,
        9998.497937027127,
        10876.84030225269,
        11610.887514916232,
        11950.673508323567,
        12014.33593074191
    ],
    "gaplog": [
        1.1168480951215056,
        0.672962133129071,
        0.4210972444625304,
        0.30484358580853665,
        0.20939963902904712,
        0.11022909766954792,
        0.035381536992570024,
        0.010400245263060595,
        0.004964946378185808
    ],
    "t": 186,
    "cut": [
        [
            11237.0
        ]
    ],
    "time": 1.221856287
}
