{
    "flog": [
        54.244180253027984,
        72.38093630223467,
        88.47436113372251,
        96.04126259908122,
        99.38029906969957,
        104.44265602236207,
        107.99571087020695,
        109.47602017429833,
        109.75274487541438
    ],
    "fsqr_log": [
        2942.431091322991,
        5238.9999399881535,
        7827.712578020349,
        9223.924121625678,
        9876.44384318293,
        10908.268397005444,
        11663.073566361336,
        11984.998993203375,
        12045.665007687798
    ],
    "gaplog": [
        1.1614694870848417,
        0.6940986227354036,
        0.41188508501757454,
        0.3109539768811106,
        0.21574380717450367,
        0.10535647205669885,
        0.038962739485798197,
        0.00956305230627578,
        0.004876726869781984
    ],
    "t": 185,
    "cut": [
        [
            11198.0
        ]
    ],
    "time": 1.174092594
}
