{
    "flog": [
        55.224795086292225,
        73.11669151688125,
        88.4018257415431,
        96.36021299065698,
        99.71222696123084,
        103.72602527123118,
        107.86872630100513,
        109.4178053979589,
        109.68579901475557
    ],
    "fsqr_log": [
        3049.777992322966,
        5346.050578374774,
        7814.882794438154,
        9285.290647604777,
        9942.52820556801,
        10759.088318568089,
        11635.662113801154,
        11972.256138105604,
        12030.974505505355
    ],
    "gaplog": [
        1.125862959736001,
        0.6717869956135311,
        0.416132534138149,
        0.3018522641050583,
        0.2256530067602174,
        0.11610342654808495,
        0.03671865443244529,
        0.009499697994054361,
        0.004985200735869914
    ],
    "t": 180,
    "cut": [
        [
            11273.0
        ]
    ],
    "time": 1.104890855
}
