{
    "flog": [
        55.58944415633487,
        72.57938513988285,
        87.75362897178971,
        96.23872004110082,
        99.02899955899622,
        103.31727615999368,
        107.7235268211549,
        109.30618312857656,
        109.62523139795314
    ],
    "fsqr_log": [
        3090.186301610273,
        5267.767147283446,
        7700.69939771853,
        9261.89123514938,
        9806.742753655673,
        10674.4595531204,
        11604.35823078808,
        11947.841670137916,
        12017.691359054772
    ],
    "gaplog": [
        1.1019710562373026,
        0.6873620962632628,
        0.4151408486231534,
        0.30077589050299375,
        0.2372714202079453,
        0.12524979370146944,
        0.03812920511485284,
        0.009754723658679746,
        0.004880404457620224
    ],
    "t": 191,
    "cut": [
        [
            11273.0
        ]
    ],
    "time": 1.226415923
}
